City_ID,City,Country,Lat,Lng,Max Temp,Humidity,Cloudiness,Wind Speed,Current Weather
0,Bratsk,RU,56.1325,101.6142,63.09,82,100,1.25,overcast clouds
1,Albany,US,42.6001,-73.9662,92.05,43,0,9.66,clear sky
2,Barrow,US,71.2906,-156.7887,39.22,87,100,10.36,mist
3,Hailar,CN,49.2,119.7,63.97,84,23,8.12,few clouds
4,Tautira,PF,-17.7333,-149.15,75.4,80,24,9.24,light rain
5,Todos Santos,MX,23.45,-110.2167,104.31,79,80,8.3,broken clouds
6,Dusti,TJ,37.3481,68.664,91.08,11,0,2.51,clear sky
7,Atuona,PF,-9.8,-139.0333,77.22,76,1,14.74,clear sky
8,Yellowknife,CA,62.456,-114.3525,65.01,49,90,9.53,overcast clouds
9,Dryden,CA,49.7833,-92.7503,73.17,46,100,10.63,overcast clouds
10,Gumla,IN,23.05,84.55,74.91,94,100,3.47,overcast clouds
11,Palafrugell,ES,41.9174,3.1631,88.56,73,94,5.01,overcast clouds
12,Busselton,AU,-33.65,115.3333,58.82,78,14,15.73,few clouds
13,Velikiy Ustyug,RU,60.7644,46.3106,61.92,75,14,4.05,few clouds
14,Vaini,TO,-21.2,-175.2,71.76,94,20,6.91,few clouds
15,Grand Gaube,MU,-20.0064,57.6608,70.38,73,1,5.99,clear sky
16,Buala,SB,-8.145,159.5921,79.09,83,11,4.61,few clouds
17,Jamestown,US,42.097,-79.2353,85.01,57,20,13.8,few clouds
18,Khatanga,RU,71.9667,102.5,44.29,88,100,14.23,overcast clouds
19,Port Alfred,ZA,-33.5906,26.891,65.07,64,100,5.7,overcast clouds
20,Springbok,ZA,-29.6643,17.8865,54.0,48,100,3.2,overcast clouds
21,Diego De Almagro,CL,-26.3667,-70.05,69.3,26,100,6.51,overcast clouds
22,Talnakh,RU,69.4865,88.3972,61.84,59,88,5.55,overcast clouds
23,Georgetown,MY,5.4112,100.3354,78.73,93,20,0.0,few clouds
24,Avarua,CK,-21.2078,-159.775,77.05,78,20,9.22,few clouds
25,Rikitea,PF,-23.1203,-134.9692,72.37,75,100,9.62,overcast clouds
26,Chimbote,PE,-9.0853,-78.5783,67.26,71,9,8.81,clear sky
27,Rudbar,AF,30.15,62.6,98.42,11,19,6.04,few clouds
28,Sortavala,RU,61.7053,30.6918,67.21,74,15,6.58,few clouds
29,Mataura,NZ,-46.1927,168.8643,33.48,98,15,2.95,few clouds
30,Bayanday,RU,53.0661,105.5139,56.89,96,100,3.94,overcast clouds
31,Mahebourg,MU,-20.4081,57.7,70.25,77,4,18.23,light rain
32,Alekseyevsk,RU,57.8406,108.3492,61.7,98,100,3.65,overcast clouds
33,Tiksi,RU,71.6872,128.8694,47.41,77,64,5.68,broken clouds
34,Inuvik,CA,68.3499,-133.7218,72.95,41,26,6.26,scattered clouds
35,Hermanus,ZA,-34.4187,19.2345,54.81,74,100,9.44,light rain
36,Bambous Virieux,MU,-20.3428,57.7575,70.21,77,6,17.65,light rain
37,Angouleme,FR,45.65,0.15,71.04,65,73,9.22,broken clouds
38,Buraydah,SA,26.326,43.975,98.64,10,19,10.36,few clouds
39,Tocopilla,CL,-22.092,-70.1979,64.78,71,97,11.5,overcast clouds
40,Ewa Beach,US,21.3156,-158.0072,82.35,63,40,12.66,scattered clouds
41,Waingapu,ID,-9.6567,120.2641,70.83,84,100,8.43,overcast clouds
42,Scarborough,GB,54.2797,-0.4044,60.37,79,100,4.0,light rain
43,Vestmannaeyjar,IS,63.4427,-20.2734,51.49,92,100,6.51,overcast clouds
44,Irtyshskiy,RU,58.3333,68.1333,54.16,91,11,6.06,few clouds
45,Punta Arenas,CL,-53.15,-70.9167,41.02,70,0,19.57,clear sky
46,Grindavik,IS,63.8424,-22.4338,55.87,82,75,6.91,broken clouds
47,Port Elizabeth,ZA,-33.918,25.5701,60.31,67,100,4.0,overcast clouds
48,Los Llanos De Aridane,ES,28.6585,-17.9182,71.35,73,20,18.41,few clouds
49,Kristiansund,NO,63.1115,7.732,57.25,71,75,11.5,broken clouds
50,Ushuaia,AR,-54.8,-68.3,33.46,100,100,23.02,sleet
51,Kutum,SD,14.2,24.6667,84.97,31,4,7.47,clear sky
52,Gwadar,PK,25.1216,62.3254,83.05,83,70,10.78,broken clouds
53,Longkou,CN,37.6508,120.3286,75.67,78,100,3.47,light rain
54,Vila Velha,BR,-20.3297,-40.2925,78.75,77,20,11.5,few clouds
55,Isabela,PH,6.7085,121.9711,78.48,88,98,4.0,moderate rain
56,Severo-Kurilsk,RU,50.6789,156.125,54.37,93,21,3.27,few clouds
57,Hasaki,JP,35.7333,140.8333,75.6,88,0,18.43,clear sky
58,Kapaa,US,22.0752,-159.319,80.92,76,40,12.66,scattered clouds
59,Mandera,KE,3.9366,41.867,80.69,50,26,18.68,scattered clouds
60,Katsuura,JP,35.1333,140.3,78.66,87,0,18.88,clear sky
61,Sur,OM,22.5667,59.5289,88.02,66,100,11.23,overcast clouds
62,Arraial Do Cabo,BR,-22.9661,-42.0278,75.06,78,0,13.8,clear sky
63,Olafsvik,IS,64.8945,-23.7142,54.0,77,13,3.91,few clouds
64,Cape Town,ZA,-33.9258,18.4232,58.26,85,100,3.0,light rain
65,Angoche,MZ,-16.2325,39.9086,72.59,72,0,7.87,clear sky
66,Fort Nelson,CA,58.8053,-122.7002,73.38,31,7,3.49,clear sky
67,Havre-Saint-Pierre,CA,50.2334,-63.5986,66.56,94,100,6.91,mist
68,Kavaratti,IN,10.5669,72.642,81.28,81,100,18.79,overcast clouds
69,Itaituba,BR,-4.2761,-55.9836,89.37,49,99,4.5,overcast clouds
70,Kodiak,US,57.79,-152.4072,56.71,51,0,6.91,clear sky
71,Aklavik,CA,68.2191,-135.0107,72.59,39,76,2.44,broken clouds
72,Shimoda,JP,34.6667,138.95,77.11,86,0,15.66,clear sky
73,Garissa,KE,-0.4536,39.6401,74.52,64,99,23.58,overcast clouds
74,Saint-Philippe,RE,-21.3585,55.7679,67.59,83,45,13.13,light rain
75,Altamira,BR,-3.2033,-52.2064,93.31,35,37,2.55,scattered clouds
76,Atar,MR,20.5169,-13.0499,86.56,59,63,18.01,light rain
77,New Norfolk,AU,-42.7826,147.0587,49.91,85,100,1.01,overcast clouds
78,Blacksburg,US,37.2296,-80.4139,92.98,47,40,5.75,scattered clouds
79,Iqaluit,CA,63.7506,-68.5145,43.36,76,91,6.67,overcast clouds
80,Coromandel,BR,-18.4733,-47.2003,77.25,32,0,6.33,clear sky
81,Sao Filipe,CV,14.8961,-24.4956,76.14,77,96,4.65,overcast clouds
82,Bengkulu,ID,-3.8004,102.2655,75.63,88,99,3.51,overcast clouds
83,Hobart,AU,-42.8794,147.3294,51.26,83,100,8.05,overcast clouds
84,Laguna,US,38.421,-121.4238,96.31,33,0,5.75,clear sky
85,Victoria,HK,22.2855,114.1577,88.18,81,35,8.01,scattered clouds
86,Colwyn Bay,GB,53.2948,-3.7267,64.2,3,41,1.99,scattered clouds
87,Tuatapere,NZ,-46.1333,167.6833,36.41,93,16,3.58,few clouds
88,Raudeberg,NO,61.9875,5.1352,59.67,83,92,26.6,overcast clouds
89,Sovik,NO,65.9333,12.4667,52.65,87,75,7.0,broken clouds
90,Mar Del Plata,AR,-38.0023,-57.5575,51.94,70,0,9.22,clear sky
91,Ponta Do Sol,PT,32.6667,-17.1,75.7,73,3,6.53,clear sky
92,Dikson,RU,73.5069,80.5464,53.02,72,100,12.84,overcast clouds
93,Vilyuysk,RU,63.7553,121.6247,59.83,84,100,3.53,overcast clouds
94,Hilo,US,19.7297,-155.09,82.27,88,100,6.91,overcast clouds
95,Bluff,NZ,-46.6,168.3333,33.8,84,11,6.87,few clouds
96,Deputatskiy,RU,69.3,139.9,47.39,62,100,4.45,overcast clouds
97,Qaanaaq,GL,77.484,-69.3632,43.21,77,99,8.9,light rain
98,Upernavik,GL,72.7868,-56.1549,42.22,95,100,23.47,overcast clouds
99,Oranjemund,NA,-28.55,16.4333,55.06,89,56,8.75,broken clouds
100,Namatanai,PG,-3.6667,152.4333,78.12,80,8,6.78,clear sky
101,Dingle,PH,10.9995,122.6711,76.59,91,94,4.99,overcast clouds
102,Puerto Ayora,EC,-0.7393,-90.3518,80.56,84,17,8.99,few clouds
103,Ilhabela,BR,-23.7781,-45.3581,73.9,66,5,4.79,clear sky
104,Lulea,SE,65.5842,22.1547,64.47,52,0,6.91,clear sky
105,Narsaq,GL,60.9167,-46.05,64.62,60,32,4.65,scattered clouds
106,Airai,TL,-8.9266,125.4092,51.75,79,99,2.37,overcast clouds
107,Chokurdakh,RU,70.6333,147.9167,41.7,69,100,13.42,overcast clouds
108,Santiago,CL,-33.4569,-70.6483,74.28,31,0,4.61,haze
109,Hay River,CA,60.8156,-115.7999,61.68,67,96,5.39,overcast clouds
110,Simao,CN,22.7886,100.9748,64.24,98,40,2.33,scattered clouds
111,Cherskiy,RU,68.75,161.3,39.96,72,12,4.63,few clouds
112,Ballina,AU,-28.8667,153.5667,60.01,98,100,22.64,overcast clouds
113,Tuktoyaktuk,CA,69.4541,-133.0374,58.48,64,89,4.81,overcast clouds
114,Korla,CN,41.7597,86.1469,82.76,22,0,0.63,clear sky
115,Khash,IR,28.2211,61.2158,75.33,70,17,16.53,light rain
116,Maltahohe,NA,-24.8333,16.9833,60.76,27,0,7.65,clear sky
117,Virginia Beach,US,36.8529,-75.978,96.03,56,75,9.22,broken clouds
118,Salalah,OM,17.0151,54.0924,77.09,94,75,3.44,broken clouds
119,Vardo,NO,70.3705,31.1107,53.58,82,40,9.22,scattered clouds
120,San Marcos,US,33.1434,-117.1661,91.49,62,0,10.36,clear sky
121,Dwarka,IN,22.2394,68.9678,82.17,82,27,18.88,scattered clouds
122,Yeniseysk,RU,58.4497,92.1703,56.25,99,88,5.21,overcast clouds
123,Dno,RU,57.8277,29.9637,64.71,75,40,4.97,scattered clouds
124,Tasiilaq,GL,65.6145,-37.6368,41.16,72,38,7.81,scattered clouds
125,Bereda,ES,43.2686,-7.5406,62.42,96,7,6.53,clear sky
126,Port-Cartier,CA,50.0334,-66.8654,64.74,67,41,6.69,scattered clouds
127,Shubarkuduk,KZ,49.1447,56.4872,74.01,51,5,6.17,clear sky
128,Oussouye,SN,12.485,-16.5469,78.4,87,100,11.68,moderate rain
129,Chanika,TZ,-5.4167,38.0167,63.09,89,71,3.74,broken clouds
130,Nikolskoye,RU,59.7035,30.7861,76.89,70,26,5.91,scattered clouds
131,Adrar,MR,20.5022,-10.0711,96.31,32,78,1.57,broken clouds
132,Totness,SR,5.8833,-56.3167,83.17,71,11,9.48,few clouds
133,Kajaani,FI,64.2273,27.7285,64.45,68,40,9.22,scattered clouds
134,Nanortalik,GL,60.1432,-45.2371,49.01,79,17,4.05,few clouds
135,Salina Cruz,MX,16.1667,-95.2,90.18,57,100,5.97,overcast clouds
136,Santiago Del Estero,AR,-27.7951,-64.2615,79.25,40,57,7.34,broken clouds
137,Kavieng,PG,-2.5744,150.7967,81.5,77,40,10.45,light rain
138,Aksarka,RU,66.5606,67.7975,46.63,93,100,6.8,overcast clouds
139,Longyearbyen,SJ,78.2186,15.6401,49.84,87,75,5.75,broken clouds
140,Romanu,RO,45.2833,27.7333,80.2,28,4,6.33,clear sky
141,East London,ZA,-33.0153,27.9116,68.56,42,23,4.47,few clouds
142,Altagracia De Orituco,VE,9.8601,-66.3814,90.14,41,5,6.53,clear sky
143,Castro,BR,-24.7911,-50.0119,72.7,49,78,5.37,broken clouds
144,Kyren,RU,51.6828,102.1408,54.72,93,100,0.38,overcast clouds
145,Mahibadhoo,MV,3.7833,72.9667,81.99,74,100,18.25,overcast clouds
146,Leningradskiy,RU,69.3833,178.4167,33.6,92,100,8.61,overcast clouds
147,Kloulklubed,PW,7.0419,134.2556,82.15,77,59,7.81,broken clouds
148,Nong Khai,TH,17.9167,103.0833,76.28,98,100,4.56,heavy intensity rain
149,Puerto Colombia,CO,10.9878,-74.9547,83.23,73,100,6.58,overcast clouds
150,Bredasdorp,ZA,-34.5322,20.0403,55.15,61,100,8.86,overcast clouds
151,Hithadhoo,MV,-0.6,73.0833,81.52,74,100,7.47,overcast clouds
152,Kalmunai,LK,7.4167,81.8167,79.07,87,100,2.68,overcast clouds
153,Carnarvon,AU,-24.8667,113.6333,63.07,65,0,12.73,clear sky
154,San Cristobal,VE,7.7669,-72.225,83.57,46,61,7.92,broken clouds
155,Klaksvik,FO,62.2266,-6.589,52.72,82,100,7.05,overcast clouds
156,Kieta,PG,-6.2167,155.6333,76.69,74,5,3.87,clear sky
157,Tres Picos,MX,15.8667,-93.5333,87.3,64,100,4.32,overcast clouds
158,Muhos,FI,64.808,25.9931,64.18,78,100,4.18,overcast clouds
159,Rangapara,IN,26.8167,92.65,80.11,84,100,2.93,overcast clouds
160,Bhikangaon,IN,21.8667,75.95,75.07,96,100,6.98,moderate rain
161,Yar-Sale,RU,66.8333,70.8333,44.74,95,100,16.06,overcast clouds
162,Honiara,SB,-9.4333,159.95,75.99,85,0,3.94,clear sky
163,Spirit River,CA,55.7833,-118.8361,66.31,50,11,3.62,few clouds
164,Norman Wells,CA,65.282,-126.8329,73.27,45,91,7.96,overcast clouds
165,Isiro,CD,2.7739,27.616,67.23,97,41,3.71,scattered clouds
166,Harper,LR,4.375,-7.7169,76.28,71,58,8.1,broken clouds
167,Karangasem,ID,-8.45,115.6167,75.88,85,100,8.77,overcast clouds
168,Necochea,AR,-38.5473,-58.7368,49.59,70,98,5.57,overcast clouds
169,Nhulunbuy,AU,-12.2333,136.7667,61.41,94,96,3.44,overcast clouds
170,Alice Springs,AU,-23.7,133.8833,44.15,53,0,0.0,clear sky
171,Russell,US,32.3502,-85.1999,91.9,66,40,0.0,scattered clouds
172,Egvekinot,RU,66.3167,-179.1667,38.26,83,100,9.35,overcast clouds
173,Edd,ER,13.9297,41.6925,92.28,58,100,3.71,overcast clouds
174,Mykhaylivka,UA,47.2724,35.2224,67.6,62,11,12.06,few clouds
175,Elizabeth City,US,36.2946,-76.2511,95.05,62,20,9.22,few clouds
176,Chapleau,CA,47.8405,-83.4034,72.39,54,97,12.91,overcast clouds
177,Guerrero Negro,MX,27.9769,-114.0611,75.78,59,40,19.55,scattered clouds
178,Milton,US,34.1322,-84.3007,94.24,67,20,1.01,few clouds
179,Murindo,CO,6.9848,-76.7544,82.53,82,95,5.3,overcast clouds
180,Amahai,ID,-3.3333,128.9167,74.62,79,72,4.18,broken clouds
181,Tepalcatepec,MX,19.1833,-102.85,91.51,52,83,1.48,broken clouds
182,Marawi,PH,7.9986,124.2928,69.15,94,100,2.86,overcast clouds
183,Luau,AO,-10.7073,22.2247,72.77,28,100,4.38,overcast clouds
184,Morales,CO,2.757,-76.6172,72.09,67,97,4.97,overcast clouds
185,Skegness,GB,53.1436,0.3363,64.06,75,99,12.01,overcast clouds
186,Sefophe,BW,-22.1833,27.9667,63.72,47,48,8.46,scattered clouds
187,Saint-Pierre,RE,-21.3393,55.4781,67.91,72,0,5.75,clear sky
188,Lorengau,PG,-2.0226,147.2712,81.43,80,33,8.01,scattered clouds
189,Pangnirtung,CA,66.1451,-65.7125,55.17,55,7,3.29,clear sky
190,Acapulco,MX,16.8634,-99.8901,87.62,66,100,5.75,overcast clouds
191,Bonavista,CA,48.6499,-53.1147,65.08,72,31,15.86,scattered clouds
192,Butaritari,KI,3.0707,172.7902,80.98,78,13,8.97,light rain
193,Nago,JP,26.5881,127.9761,85.05,87,96,10.63,overcast clouds
194,Luderitz,NA,-26.6481,15.1594,59.85,69,66,15.03,broken clouds
195,Geraldton,AU,-28.7667,114.6,52.21,82,75,13.8,broken clouds
196,Gweru,ZW,-19.45,29.8167,56.61,64,95,11.1,overcast clouds
197,Souillac,MU,-20.5167,57.5167,70.07,79,2,17.38,clear sky
198,Redondo,PT,38.6487,-7.5471,93.88,11,0,9.71,clear sky
199,Provideniya,RU,64.3833,-173.3,46.06,68,26,9.6,scattered clouds
200,Ajaigarh,IN,24.9,80.2667,82.6,77,100,1.34,light rain
201,Ribeira Grande,PT,38.5167,-28.7,77.4,83,40,10.36,scattered clouds
202,Sarakhs,IR,36.5449,61.1577,92.3,13,0,9.53,clear sky
203,Pevek,RU,69.7008,170.3133,32.09,89,100,1.61,overcast clouds
204,Homer,US,59.6425,-151.5483,55.27,77,100,12.66,overcast clouds
205,Port-Gentil,GA,-0.7193,8.7815,75.16,83,20,10.36,few clouds
206,Lagos,NG,6.5833,3.75,76.64,83,96,6.87,overcast clouds
207,Havoysund,NO,70.9963,24.6622,53.83,93,77,20.13,broken clouds
208,San Francisco,US,37.7749,-122.4194,86.99,73,20,13.8,few clouds
209,Salmas,IR,38.1973,44.7653,73.33,27,0,3.96,clear sky
210,Port Blair,IN,11.6667,92.75,77.04,100,100,3.44,overcast clouds
211,Kahului,US,20.8947,-156.47,84.22,63,20,20.71,few clouds
212,Guangyuan,CN,32.442,105.823,68.65,98,59,2.71,broken clouds
213,Goldsboro,US,35.3849,-77.9928,93.45,58,75,6.91,broken clouds
214,Port Lincoln,AU,-34.7333,135.8667,52.86,68,96,6.53,overcast clouds
215,Maldonado,UY,-34.6667,-54.9167,60.22,71,5,2.37,clear sky
216,Caldwell,US,43.6629,-116.6874,92.55,20,0,9.22,clear sky
217,Saskylakh,RU,71.9167,114.0833,48.16,71,99,6.02,overcast clouds
218,Cabo San Lucas,MX,22.8909,-109.9124,97.11,36,0,4.61,clear sky
219,Maniitsoq,GL,65.4167,-52.9,45.03,89,94,5.21,overcast clouds
220,Huilong,CN,31.8111,121.655,82.92,91,97,10.25,overcast clouds
221,Esperance,AU,-33.8667,121.9,54.28,73,100,16.17,overcast clouds
222,Parati,BR,-23.2178,-44.7131,77.49,60,0,3.22,clear sky
223,Changji,CN,44.0167,87.3167,84.99,26,0,4.47,clear sky
224,Hobyo,SO,5.3505,48.5268,76.3,81,11,22.95,few clouds
225,Thompson,CA,55.7435,-97.8558,61.39,63,100,5.77,overcast clouds
226,Niteroi,BR,-22.8833,-43.1036,76.66,87,0,14.97,clear sky
227,San Vicente,AR,-26.6167,-54.1333,76.33,49,100,4.25,overcast clouds
228,Ilulissat,GL,69.2167,-51.1,53.62,82,100,10.36,light rain
229,Faanui,PF,-16.4833,-151.75,77.9,74,16,10.0,light rain
230,Haines Junction,CA,60.7522,-137.5108,50.74,76,100,7.02,overcast clouds
231,Xichang,CN,27.8964,102.2634,67.01,96,100,2.71,overcast clouds
232,Yabrud,SY,33.9674,36.6574,71.53,43,0,1.41,clear sky
233,Kulhudhuffushi,MV,6.6221,73.07,81.43,78,100,16.13,moderate rain
234,Caruaru,BR,-8.2833,-35.9761,70.3,87,92,12.06,overcast clouds
235,Hamilton,US,39.1834,-84.5333,94.24,53,0,12.66,haze
236,Torbay,CA,47.6666,-52.7314,70.57,74,18,5.99,few clouds
237,Constitucion,CL,-35.3333,-72.4167,59.99,76,16,8.97,few clouds
238,Apache Junction,US,33.4151,-111.5496,108.63,20,0,5.01,clear sky
239,Touros,BR,-5.1989,-35.4608,78.6,78,100,16.35,overcast clouds
240,Aswan,EG,24.0934,32.907,93.29,13,10,12.44,clear sky
241,Mokolo,CM,10.7398,13.8019,73.85,80,19,2.62,few clouds
242,Pisco,PE,-13.7,-76.2167,62.65,77,20,10.36,smoke
243,Yumen,CN,40.2833,97.2,76.39,15,0,11.07,clear sky
244,Eganville,CA,45.5334,-77.0994,83.52,26,31,11.16,scattered clouds
245,Sao Joao Da Barra,BR,-21.6403,-41.0511,78.89,75,0,13.91,clear sky
246,Cidreira,BR,-30.1811,-50.2056,66.67,87,100,4.0,overcast clouds
247,College,US,64.8569,-147.8028,55.35,79,100,3.44,overcast clouds
248,Dharchula,IN,29.85,80.5333,74.14,93,100,1.57,overcast clouds
249,Namibe,AO,-15.1961,12.1522,62.53,89,15,6.04,few clouds
250,Sulangan,PH,11.1373,123.7228,83.35,77,77,6.49,broken clouds
251,San Quintin,MX,30.4833,-115.95,73.98,65,100,16.75,overcast clouds
252,Lompoc,US,34.6391,-120.4579,85.69,72,0,16.11,clear sky
253,Ancud,CL,-41.8697,-73.8203,40.23,97,100,12.03,moderate rain
254,Shushenskoye,RU,53.325,91.9356,59.59,79,100,22.75,light rain
255,Oum Hadjer,TD,13.2954,19.6966,76.23,70,100,18.21,light rain
256,General Roca,AR,-39.0333,-67.5833,51.08,61,100,6.67,overcast clouds
257,Bethel,US,41.3712,-73.414,95.04,41,0,10.36,clear sky
258,Sambava,MG,-14.2667,50.1667,69.64,84,51,11.59,light rain
259,Faya,SA,18.3851,42.4509,66.72,46,75,3.56,broken clouds
260,Srednekolymsk,RU,67.45,153.6833,44.98,73,5,11.68,clear sky
261,Rawah,IQ,34.4816,41.9093,90.95,17,0,7.9,clear sky
262,North Bend,US,43.4065,-124.2243,65.16,88,100,12.66,overcast clouds
263,Victor Harbor,AU,-35.5667,138.6167,55.69,89,100,7.16,light rain
264,Lebu,CL,-37.6167,-73.65,53.92,96,100,12.15,overcast clouds
265,Kruisfontein,ZA,-34.0033,24.7314,51.89,74,100,5.91,overcast clouds
266,Flinders,AU,-34.5833,150.8552,51.19,92,83,7.0,broken clouds
267,Ust-Nera,RU,64.5667,143.2,65.73,76,84,5.21,broken clouds
268,Chuy,UY,-33.6971,-53.4616,58.42,89,100,4.79,overcast clouds
269,Katherine,AU,-14.4667,132.2667,50.32,57,2,8.05,clear sky
270,Kaitangata,NZ,-46.2817,169.8464,36.9,92,15,3.85,few clouds
271,Bonthe,SL,7.5264,-12.505,77.43,83,92,11.32,light rain
272,Ngunguru,NZ,-35.6167,174.5,55.26,68,100,11.48,overcast clouds
273,Hami,CN,42.8,93.45,81.23,18,1,1.36,clear sky
274,Joensuu,FI,62.6012,29.7632,73.89,68,0,2.3,clear sky
275,Praia Da Vitoria,PT,38.7333,-27.0667,76.75,89,100,2.59,overcast clouds
276,Setermoen,NO,68.861,18.3486,53.56,72,97,4.0,overcast clouds
277,Evensk,RU,61.95,159.2333,57.58,50,4,4.72,clear sky
278,Djambala,CG,-2.5447,14.7533,78.37,51,100,0.63,overcast clouds
279,San,ML,13.3034,-4.8956,89.49,46,100,6.26,overcast clouds
280,Kandrian,PG,-6.2167,149.55,76.17,87,100,2.91,overcast clouds
281,San Pedro,PH,14.35,121.0167,81.63,85,20,2.3,few clouds
282,Roswell,US,34.0232,-84.3616,93.56,68,75,6.91,broken clouds
283,Saint George,US,37.1041,-113.5841,108.79,14,0,8.05,clear sky
284,Sterlitamak,RU,53.6246,55.9502,61.5,73,3,3.94,clear sky
285,Terrace,CA,54.5163,-128.6035,69.71,56,40,6.91,scattered clouds
286,Waddan,LY,29.1614,16.139,85.53,25,0,8.1,clear sky
287,Lagoa,PT,39.05,-27.9833,72.81,88,100,9.46,overcast clouds
288,Aranos,NA,-24.1333,19.1167,61.81,34,5,9.95,clear sky
289,Zeerust,ZA,-25.5369,26.0751,60.85,49,100,2.24,overcast clouds
290,San Patricio,US,28.017,-97.5169,97.52,42,4,17.31,clear sky
291,Chokwe,MZ,-24.5333,32.9833,65.21,85,2,4.9,clear sky
292,Petropavlovsk-Kamchatskiy,RU,53.0452,158.6483,54.19,88,75,0.0,broken clouds
293,Sibolga,ID,1.7427,98.7792,75.56,90,100,4.29,overcast clouds
294,Bangassou,CF,4.7413,22.8184,67.62,98,100,2.84,overcast clouds
295,Slidell,US,30.2752,-89.7812,93.13,64,40,5.75,scattered clouds
296,Clyde River,CA,70.4692,-68.5914,55.63,62,75,16.11,broken clouds
297,Lavrentiya,RU,65.5833,-171.0,41.41,90,100,12.77,light rain
298,Sitka,US,57.0531,-135.33,55.29,82,100,10.36,light rain
299,Port Hardy,CA,50.6996,-127.4199,60.98,77,75,4.61,broken clouds
300,Las Cruces,US,32.3123,-106.7783,100.38,26,0,9.22,clear sky
301,Gerash,IR,27.6652,54.1371,93.34,30,78,5.41,broken clouds
302,Talcahuano,CL,-36.7167,-73.1167,55.08,88,100,4.61,overcast clouds
303,Naron,ES,43.5167,-8.1528,70.65,70,0,13.44,clear sky
304,Tall Kayf,TR,37.0833,41.0667,87.53,18,0,3.83,clear sky
305,Boo,SE,59.3333,18.2833,67.03,85,75,9.22,broken clouds
306,Hrodna,BY,53.6884,23.8258,71.13,76,14,8.25,few clouds
307,Bonneville,FR,46.0802,6.4073,86.18,54,100,1.32,overcast clouds
308,Vallenar,CL,-28.5708,-70.7581,69.73,48,100,4.47,overcast clouds
309,Altay,CN,47.8667,88.1167,61.52,76,100,2.93,overcast clouds
310,Ushtobe,KZ,45.2514,77.9838,78.06,31,4,1.72,clear sky
311,Camiri,BO,-20.05,-63.5167,85.78,30,4,6.91,clear sky
312,Suntar,RU,62.1444,117.6319,58.32,97,100,4.59,overcast clouds
313,Fez,MA,34.0372,-4.9998,100.65,13,40,4.61,thunderstorm
314,Tumaco,CO,1.7986,-78.8156,78.22,78,83,13.42,broken clouds
315,Wattegama,LK,6.7989,81.4808,75.15,91,100,4.21,overcast clouds
316,Teknaf,BD,20.8624,92.3058,79.81,88,100,2.44,very heavy rain
317,Sakhon Nakhon,TH,17.1612,104.1472,75.61,92,100,2.91,overcast clouds
318,Namie,JP,37.4833,141.0,75.72,96,79,3.02,broken clouds
319,Zhigansk,RU,66.7697,123.3711,52.36,94,100,8.23,light rain
320,Coihaique,CL,-45.5752,-72.0662,26.55,86,75,6.91,broken clouds
321,Digapahandi,IN,19.3667,84.5833,80.4,88,100,1.07,overcast clouds
322,Belle Fourche,US,44.6714,-103.8522,100.51,13,5,11.07,clear sky
323,Vinh,VN,18.6667,105.6667,77.16,90,100,4.79,overcast clouds
324,Moree,AU,-29.4667,149.85,50.43,77,0,8.57,clear sky
325,Bam,IR,29.106,58.357,93.0,23,59,9.84,broken clouds
326,Tromso,NO,69.6496,18.957,53.62,71,75,19.57,broken clouds
327,Umm Bab,QA,25.2142,50.8072,95.74,53,30,7.43,scattered clouds
328,Sinnamary,GF,5.3833,-52.95,82.53,73,52,6.55,broken clouds
329,Sobolevo,RU,54.4299,31.8996,63.77,78,71,2.95,broken clouds
330,Port Hedland,AU,-20.3167,118.5667,66.25,100,0,5.75,mist
331,Sakakah,SA,29.9697,40.2064,98.17,13,3,12.95,clear sky
332,Portland,US,45.5234,-122.6762,70.95,68,75,5.99,broken clouds
333,Guadalupe Victoria,MX,32.2869,-115.105,107.94,19,17,10.09,few clouds
334,Kodinsk,RU,58.6881,99.1844,57.88,88,100,2.26,overcast clouds
335,Shakawe,BW,-18.3667,21.85,62.67,42,34,4.43,scattered clouds
336,La Mira,MX,18.035,-102.3266,87.03,64,100,7.4,overcast clouds
337,Puerto Escondido,MX,15.85,-97.0667,90.43,58,75,8.05,broken clouds
338,Pryazha,RU,61.6926,33.6216,70.83,74,64,5.5,broken clouds
339,Sudak,UA,44.85,34.9667,72.93,61,57,9.28,broken clouds
340,Maragogi,BR,-9.0122,-35.2225,75.63,83,100,11.52,overcast clouds
341,Mbini,GQ,1.574,9.6134,75.88,79,21,9.44,few clouds
342,Chabahar,IR,25.2919,60.643,83.59,82,66,12.15,broken clouds
343,Westport,US,41.1415,-73.3579,96.37,44,0,11.5,clear sky
344,Jerecuaro,MX,20.15,-100.5167,79.68,32,77,4.45,broken clouds
345,Warah,PK,27.4481,67.7978,92.79,55,100,1.79,overcast clouds
346,Berlevag,NO,70.8578,29.0864,55.2,87,75,12.66,broken clouds
347,San Andres,CO,12.5847,-81.7006,86.02,79,75,8.05,broken clouds
348,Patzun,GT,14.6833,-91.0167,68.58,54,96,3.53,overcast clouds
349,Miram Shah,PK,33.0086,70.0697,82.29,66,20,4.05,few clouds
350,Phan Thiet,VN,10.9333,108.1,76.35,88,100,1.43,overcast clouds
351,Ayan,RU,56.45,138.1667,57.72,91,63,6.46,broken clouds
352,Hellin,ES,38.5106,-1.701,87.53,32,5,13.96,clear sky
353,Lascahobas,HT,18.8294,-71.9364,82.04,47,54,3.24,broken clouds
354,Kidal,ML,18.4411,1.4078,101.71,13,99,7.54,overcast clouds
355,Beringovskiy,RU,63.05,179.3167,49.66,71,100,10.33,overcast clouds
356,Alofi,NU,-19.0595,-169.9187,76.12,77,100,4.76,overcast clouds
357,Macherla,IN,16.4833,79.4333,78.03,85,100,8.97,light rain
358,Soyo,AO,-6.1349,12.3689,69.1,86,100,7.14,overcast clouds
359,Nurota,UZ,40.5614,65.6886,91.85,14,0,9.89,clear sky
360,Pochutla,MX,15.7432,-96.4661,83.82,71,100,6.26,overcast clouds
361,Semenivka,UA,52.1783,32.5818,60.94,90,2,8.05,clear sky
362,Semiletka,RU,55.3603,54.6153,64.18,67,61,3.65,broken clouds
363,Redlands,US,34.0556,-117.1825,105.55,33,0,4.61,haze
364,Lagoa Vermelha,BR,-28.2086,-51.5258,66.83,82,100,4.34,overcast clouds
365,Goderich,CA,43.7501,-81.7165,76.91,69,0,5.5,clear sky
366,Cap Malheureux,MU,-19.9842,57.6142,70.47,73,0,7.0,clear sky
367,Paamiut,GL,61.994,-49.6678,45.5,84,6,6.06,clear sky
368,Anaco,VE,9.4389,-64.4728,94.33,32,8,11.48,clear sky
369,Moose Factory,CA,51.2585,-80.6094,66.18,88,100,6.91,overcast clouds
370,Kalia,BD,23.0396,89.6328,80.94,89,100,4.56,moderate rain
371,Mendi,PG,-6.1761,143.6513,49.98,96,15,3.91,few clouds
372,Cheney,US,47.4874,-117.5758,81.81,35,20,17.27,few clouds
373,Kirakira,SB,-10.4544,161.9205,77.14,84,76,3.87,broken clouds
374,Durango,MX,24.8333,-104.8333,82.06,32,100,9.17,overcast clouds
375,Mitu,CO,1.1983,-70.1733,76.75,95,100,1.48,overcast clouds
376,Sarkand,KZ,45.41,79.9186,75.13,32,6,7.56,clear sky
377,Juegang,CN,32.3174,121.1855,82.9,94,100,7.63,overcast clouds
378,Tura,IN,25.5198,90.2201,75.74,92,100,2.44,overcast clouds
379,Piranshahr,IR,36.701,45.1413,69.17,28,0,6.58,clear sky
380,Mahina,PF,-17.5065,-149.489,80.37,69,20,9.22,light rain
381,Cockburn Town,TC,21.4612,-71.1419,78.42,87,100,20.85,overcast clouds
382,Homnabad,IN,17.7667,77.1333,71.49,96,100,6.96,moderate rain
383,Vaijapur,IN,19.9167,74.7333,74.44,83,100,12.53,overcast clouds
384,Minna,NG,9.6139,6.5569,73.29,96,100,2.91,overcast clouds
385,Okhotsk,RU,59.3833,143.3,56.41,92,99,2.13,overcast clouds
386,Caravelas,BR,-17.7125,-39.2481,75.24,71,1,6.51,clear sky
387,Eenhana,NA,-17.4667,16.3333,64.0,26,0,5.26,clear sky
388,Riyadh,SA,24.6877,46.7219,98.74,13,47,13.96,scattered clouds
389,Loviisa,FI,60.4566,26.2251,68.29,80,1,7.74,clear sky
390,Cherat,PK,33.8233,71.8915,71.53,59,59,3.83,broken clouds
391,Turukhansk,RU,65.8167,87.9833,59.95,77,11,12.46,few clouds
392,Baruun-Urt,MN,46.6806,113.2792,62.28,56,100,6.53,overcast clouds
393,Tonj,SS,7.2737,28.6822,71.89,93,13,3.69,moderate rain
394,La Ronge,CA,55.1001,-105.2842,57.42,71,100,8.05,overcast clouds
395,Privas,FR,44.5833,4.5,88.23,42,91,7.16,overcast clouds
396,Paita,PE,-5.0892,-81.1144,68.95,73,20,13.85,few clouds
397,Camacha,PT,33.0833,-16.3333,69.22,68,75,13.8,broken clouds
398,Ipixuna,BR,-1.7625,-48.8043,91.53,39,85,3.27,overcast clouds
399,Waitati,NZ,-45.75,170.5667,43.81,81,12,5.64,few clouds
400,Povenets,RU,62.8487,34.8262,67.98,70,58,6.82,broken clouds
401,Key West,US,24.5557,-81.7826,93.2,68,0,11.5,clear sky
402,Rovaniemi,FI,66.5,25.7167,67.41,45,0,5.75,clear sky
403,Vila Franca Do Campo,PT,37.7167,-25.4333,72.01,70,98,1.61,overcast clouds
404,Qaqortoq,GL,60.7167,-46.0333,51.3,72,26,4.34,scattered clouds
405,Bardiyah,LY,31.7561,25.0865,79.7,58,0,10.67,clear sky
406,Datong,CN,40.0936,113.2914,63.79,64,0,0.34,clear sky
407,Banjar,ID,-8.19,114.9675,74.46,90,96,5.48,overcast clouds
408,Flin Flon,CA,54.7682,-101.865,58.84,72,100,3.44,smoke
409,Porosozero,RU,62.7191,32.727,67.08,73,12,6.26,few clouds
410,Cranbrook,CA,49.4999,-115.7688,80.44,28,75,12.66,broken clouds
411,Riviere-Au-Renard,CA,48.9957,-64.3971,75.49,91,67,9.48,broken clouds
412,Purna,IN,19.1833,77.05,74.32,93,100,11.25,moderate rain
413,Severnyy,RU,50.677,36.5532,59.04,88,0,8.95,clear sky
414,Axim,GH,4.8699,-2.2405,75.76,74,100,7.63,overcast clouds
415,Mildura,AU,-34.2,142.15,53.08,77,100,7.67,light rain
416,Ulladulla,AU,-35.35,150.4667,51.12,90,84,5.91,broken clouds
417,Yulara,AU,-25.2406,130.9889,56.21,39,6,9.37,clear sky
418,Puerto Carreno,CO,6.189,-67.4859,87.48,61,49,7.25,scattered clouds
419,Biak,ID,-0.9131,122.8766,75.52,88,59,7.16,broken clouds
420,Mugur-Aksy,RU,50.35,90.5,50.04,80,100,8.25,overcast clouds
421,Rocha,UY,-34.4833,-54.3333,63.28,75,42,3.89,scattered clouds
422,Kinablangan,PH,7.6947,126.5503,78.48,84,91,3.91,overcast clouds
423,Almaznyy,RU,48.0448,40.045,60.57,82,93,3.87,light rain
424,Yantal,RU,56.8471,105.2542,58.69,95,100,2.86,overcast clouds
425,Bathsheba,BB,13.2167,-59.5167,86.61,78,20,17.27,few clouds
426,Odienne,CI,9.51,-7.5692,73.06,91,75,3.53,light rain
427,Ambilobe,MG,-13.2,49.05,65.57,77,0,4.79,clear sky
428,Tabuk,PH,17.4189,121.4443,75.09,92,4,3.27,clear sky
429,Meulaboh,ID,4.1363,96.1285,76.44,87,100,5.01,moderate rain
430,Chau Doc,VN,10.7,105.1167,75.9,90,99,5.08,overcast clouds
431,Oliver,CA,49.1831,-119.5524,86.25,25,1,5.73,clear sky
432,Saint-Augustin,CA,51.226,-58.6502,65.48,67,100,17.65,overcast clouds
433,Northam,GB,51.0333,-4.2167,65.39,77,0,12.1,clear sky
434,Ahipara,NZ,-35.1667,173.1667,47.37,86,99,6.91,overcast clouds
435,Rundu,NA,-17.9333,19.7667,63.61,42,16,7.0,few clouds
436,Peterhead,GB,57.5058,-1.7981,57.51,72,100,5.7,overcast clouds
437,Kostomuksha,RU,64.571,30.5767,64.8,82,27,5.68,scattered clouds
438,Izberbash,RU,42.5696,47.8645,75.25,72,0,5.82,clear sky
439,Luanda,AO,-8.8368,13.2343,69.8,88,20,5.75,few clouds
440,Xapuri,BR,-10.6517,-68.5044,96.44,25,45,3.27,scattered clouds
441,Krasnoselkup,RU,65.7,82.4667,52.97,92,100,12.66,overcast clouds
442,Xining,CN,36.6167,101.7667,52.07,67,0,1.95,clear sky
443,Rakitnoye,RU,50.8389,35.8515,57.58,95,11,9.93,few clouds
444,Fukue,JP,32.6881,128.8419,77.94,75,50,6.02,scattered clouds
445,Nara,JP,34.6851,135.8049,76.5,65,89,2.55,overcast clouds
446,Pokhara,NP,28.2333,83.9833,73.36,87,100,1.54,overcast clouds
447,Colares,PT,38.7992,-9.4469,77.45,66,20,14.97,few clouds
448,Iconha,BR,-20.7931,-40.8111,77.52,63,19,9.55,few clouds
449,Rio Grande,BR,-32.035,-52.0986,69.91,96,100,2.62,overcast clouds
450,Karratha,AU,-20.7377,116.8463,69.6,66,0,10.38,clear sky
451,Lata,PT,40.1629,-8.3327,75.31,48,12,5.86,few clouds
452,Marsa Matruh,EG,31.3525,27.2453,78.58,75,0,10.65,clear sky
453,Mehamn,NO,71.0357,27.8492,53.51,92,29,19.84,scattered clouds
454,Ushumun,RU,52.7833,126.5333,59.25,79,5,4.68,clear sky
455,Walvis Bay,NA,-22.9575,14.5053,65.35,55,0,3.44,clear sky
456,Coquimbo,CL,-29.9533,-71.3436,55.13,87,100,6.91,overcast clouds
457,Nishihara,JP,26.1842,127.7558,84.25,86,75,11.5,light intensity drizzle
458,Palmer,US,42.1584,-72.3287,94.21,37,20,12.66,few clouds
459,Andenes,NO,69.3143,16.1194,52.93,93,75,18.41,drizzle
460,Carepa,CO,7.7585,-76.6525,84.81,77,80,3.27,broken clouds
461,Sembe,CG,1.6481,14.5806,70.47,98,100,2.17,moderate rain
462,Abu Dhabi,AE,24.4667,54.3667,100.51,62,0,6.91,clear sky
463,Xicotencatl,MX,23.0167,-98.8833,98.47,33,13,10.09,few clouds
464,Billings,US,45.7833,-108.5007,96.3,12,20,4.61,few clouds
465,Pereira Barreto,BR,-20.6383,-51.1092,88.36,22,2,5.97,clear sky
466,Seymchan,RU,62.8833,152.4333,56.73,63,6,1.25,clear sky
467,Sao Gabriel Da Cachoeira,BR,-0.1303,-67.0892,78.6,89,40,5.75,scattered clouds
468,Lodja,CD,-3.4833,23.4333,79.97,39,100,1.95,overcast clouds
469,Sao Domingos,BR,-13.3983,-46.3183,86.25,24,0,5.14,clear sky
470,Arlit,NE,18.7369,7.3853,103.42,12,46,6.38,scattered clouds
471,Staritsa,RU,56.5075,34.9354,61.74,79,2,1.66,clear sky
472,Evans,US,33.5337,-82.1307,89.26,28,75,8.05,broken clouds
473,Sabang,ID,5.8933,95.3214,80.33,77,100,3.38,overcast clouds
474,Santa Cruz Del Sur,CU,20.7147,-77.9956,87.84,64,45,6.46,scattered clouds
475,Lubango,AO,-14.9172,13.4925,61.3,29,0,4.16,clear sky
476,Marsh Harbour,BS,26.5412,-77.0636,84.15,71,0,15.73,clear sky
477,Harboore,DK,56.6175,8.1807,58.17,94,100,11.68,overcast clouds
478,Morros,BR,-9.4467,-46.3003,91.2,20,6,6.62,clear sky
479,Reyes,BO,-14.3167,-67.3833,87.96,58,40,13.8,scattered clouds
480,Salamanca,ES,40.8333,-6.0,91.62,12,36,7.36,scattered clouds
481,Tigil,RU,57.8,158.6667,53.29,67,0,2.37,clear sky
482,Kemijarvi,FI,66.7131,27.4306,62.2,68,100,5.68,overcast clouds
483,Daru,PG,-9.0763,143.2092,75.72,92,30,10.18,scattered clouds
484,Half Moon Bay,US,37.4636,-122.4286,83.88,66,20,13.8,mist
485,Ranchpar,AM,40.0275,44.367,79.09,31,0,14.97,clear sky
486,Bako,ET,5.7833,36.5667,67.44,57,72,6.44,broken clouds
487,San Policarpo,PH,12.1791,125.5072,80.56,81,100,1.21,overcast clouds
488,Muros,ES,42.7762,-9.0603,72.68,65,0,13.82,clear sky
489,Maneadero,MX,31.7167,-116.5667,78.15,54,78,8.12,broken clouds
490,Gorakhpur,IN,29.45,75.6833,86.38,68,89,6.33,overcast clouds
491,Vicksburg,US,32.3526,-90.8779,91.63,72,40,13.8,scattered clouds
492,Yatou,CN,37.15,122.3833,72.03,88,100,2.33,light rain
493,Sabha,LY,27.0377,14.4283,85.6,20,0,7.63,clear sky
494,Leninskoye,KZ,41.7589,69.3864,85.66,16,0,11.52,clear sky
495,Sandakan,MY,5.8402,118.1179,78.48,89,20,2.3,few clouds
496,Chake Chake,TZ,-5.2459,39.7666,72.63,81,2,9.89,clear sky
497,Labuhan,ID,-6.8844,112.2051,75.29,84,55,7.67,broken clouds
498,Ondjiva,AO,-17.0667,15.7333,64.11,28,0,7.38,clear sky
499,Cascais,PT,38.6979,-9.4215,77.61,67,20,14.97,few clouds
500,Jaen,ES,38.0,-3.5,97.25,10,0,9.53,clear sky
501,Lasa,IT,46.6166,10.7002,77.88,83,59,3.8,broken clouds
502,Tucumcari,US,35.1717,-103.725,97.95,26,0,6.91,clear sky
503,Darhan,MN,49.4867,105.9228,55.36,91,100,5.59,overcast clouds
504,Sri Aman,MY,1.2376,111.4621,73.45,100,87,0.0,overcast clouds
505,Ketchikan,US,55.3422,-131.6461,63.07,72,75,8.05,broken clouds
506,Zaterechnyy,RU,44.7931,45.2097,75.45,47,100,15.77,overcast clouds
507,Badarwas,IN,24.9667,77.5667,76.14,93,100,10.13,overcast clouds
508,Sukhobezvodnoye,RU,57.0491,44.8891,62.74,77,97,3.09,overcast clouds
509,Le Port,RE,-20.9373,55.2919,69.26,72,4,3.02,clear sky
510,Miri,MY,4.4148,114.0089,75.34,94,40,2.3,scattered clouds
511,Broome,US,42.2506,-75.833,86.38,45,20,6.91,few clouds
512,Sangar,RU,63.9242,127.4739,57.61,93,71,3.62,broken clouds
513,Tailai,CN,46.3833,123.4,68.56,89,31,3.09,light rain
514,Karasjok,NO,69.4719,25.5112,55.51,82,25,7.92,scattered clouds
515,Dyersburg,US,36.0345,-89.3856,97.29,52,0,4.61,clear sky
516,Luena,AO,-11.7833,19.9167,65.8,38,76,3.85,broken clouds
517,Aguimes,ES,27.9054,-15.4461,72.23,78,20,31.07,few clouds
518,Santa Lucia,ES,27.9117,-15.5407,67.32,78,20,31.07,few clouds
519,Mount Gambier,AU,-37.8333,140.7667,51.08,97,100,10.18,light rain
520,Jiexiu,CN,37.0244,111.9125,63.5,80,0,2.89,clear sky
521,Makakilo City,US,21.3469,-158.0858,80.92,63,75,12.66,broken clouds
522,Yerbogachen,RU,61.2767,108.0108,61.27,71,100,5.46,overcast clouds
523,Fortuna,US,40.5982,-124.1573,64.92,75,11,1.99,few clouds
524,Mananjary,MG,-21.2167,48.3333,66.29,86,29,0.2,light rain
525,Aguacatan,GT,15.3431,-91.3117,80.33,50,40,11.5,scattered clouds
526,Mamaku,NZ,-38.1,176.0833,35.11,90,93,4.0,overcast clouds
527,Puro,PH,12.4841,123.3827,80.24,85,100,5.39,overcast clouds
528,Gamba,GA,-2.65,10.0,69.55,83,64,8.39,broken clouds
529,Armidale,AU,-30.5167,151.65,42.42,95,57,8.25,broken clouds
530,Sao Felix Do Xingu,BR,-6.6447,-51.995,95.49,21,8,3.83,clear sky
531,Lokhvytsya,UA,50.3678,33.2602,61.39,91,4,8.5,clear sky
532,Taoudenni,ML,22.6783,-3.9836,105.62,13,30,3.36,scattered clouds
533,Saldanha,ZA,-33.0117,17.9442,55.45,88,100,3.83,overcast clouds
534,Kununurra,AU,-15.7667,128.7333,53.58,87,8,2.3,clear sky
535,Ouango,CF,4.3133,22.5552,68.92,99,100,3.4,overcast clouds
536,Cam Ranh,VN,11.9214,109.1591,76.96,83,20,3.44,few clouds
537,Sabana De Torres,CO,7.3915,-73.4957,88.41,65,100,3.62,overcast clouds
538,Alyangula,AU,-13.8483,136.4192,63.59,64,97,8.28,overcast clouds
539,Manzhouli,CN,49.6,117.4333,64.74,83,21,7.23,few clouds
540,Sringeri,IN,13.4167,75.25,69.71,97,100,2.44,overcast clouds
541,Moron,AR,-34.6534,-58.6198,66.94,67,2,4.9,clear sky
542,Ayer Tawar,MY,4.2954,100.7548,79.09,94,40,1.14,scattered clouds
543,La Palma,US,33.8464,-118.0467,93.49,63,40,6.91,scattered clouds
544,Te Anau,NZ,-45.4167,167.7167,31.5,95,68,2.46,broken clouds
545,Malanje,AO,-9.5402,16.341,76.68,27,98,2.95,overcast clouds
546,Finschhafen,PG,-6.6024,147.8681,78.1,82,8,4.72,clear sky
547,Teguise,ES,29.0605,-13.564,75.42,69,20,24.16,few clouds
548,Jilib,SO,0.4883,42.7854,72.88,82,6,8.52,clear sky
549,Anuradhapura,LK,8.3565,80.4173,77.05,88,100,12.19,moderate rain
550,Rajanpur,PK,29.1035,70.325,86.25,68,69,6.71,broken clouds
551,Khorixas,NA,-20.3667,14.9667,69.53,29,1,6.02,clear sky
552,Mosetse,BW,-20.75,26.65,66.51,43,99,12.73,overcast clouds
553,Cayenne,GF,4.9333,-52.3333,85.08,12,0,5.75,clear sky
554,Lazaro Cardenas,MX,17.9583,-102.2,86.85,64,100,7.16,overcast clouds
555,Qasigiannguit,GL,68.8193,-51.1922,53.85,97,100,5.79,moderate rain
556,Saint-Francois,FR,46.4154,3.9054,80.04,50,0,4.61,clear sky
557,Paka,MY,4.6374,103.4368,76.93,94,100,2.3,overcast clouds
558,Itamaraju,BR,-17.0392,-39.5311,77.81,55,7,9.15,clear sky
559,Vershino-Darasunskiy,RU,52.35,115.5167,59.14,85,96,3.69,overcast clouds
560,Tahoua,NE,14.8888,5.2692,92.1,41,100,10.13,overcast clouds
561,Brokopondo,SR,4.75,-55.1667,84.69,66,25,5.88,scattered clouds
562,Voyvozh,RU,62.892,54.9635,50.02,54,99,3.38,overcast clouds
563,Codrington,AU,-38.2667,141.9667,51.58,91,100,10.87,light rain
564,Maningrida,AU,-12.0667,134.2667,53.58,71,40,8.12,scattered clouds
565,Tekeli,KZ,44.83,78.8239,69.57,35,1,8.14,clear sky
566,Kurilsk,RU,45.2333,147.8833,54.68,98,100,0.31,overcast clouds
567,Pimentel,PE,-6.8367,-79.9342,68.29,64,0,14.97,clear sky
568,Teya,RU,60.3778,92.6267,57.07,98,100,3.6,overcast clouds
569,Khandbari,NP,27.3747,87.2039,72.32,96,100,1.92,overcast clouds
570,Smithers,CA,54.7804,-127.1743,66.52,52,20,6.91,few clouds
571,Vega De Alatorre,MX,20.0333,-96.6333,88.5,62,23,13.4,few clouds
572,Lexington,US,37.9887,-84.4777,93.09,46,0,9.22,clear sky
573,Husavik,IS,66.0449,-17.3389,51.46,81,51,4.85,broken clouds
574,Wajir,KE,1.7471,40.0573,80.4,47,100,23.29,overcast clouds
575,Aksehir,TR,38.3575,31.4164,68.13,41,0,6.11,clear sky
576,Onega,RU,63.9061,38.1404,62.92,90,91,11.45,overcast clouds
577,Luoyang,CN,34.6836,112.4536,66.97,90,0,5.14,clear sky
578,Jalu,LY,29.0331,21.5482,85.6,27,0,14.2,clear sky
579,Plettenberg Bay,ZA,-34.0527,23.3716,56.55,69,100,4.18,overcast clouds
580,Careiro Da Varzea,BR,-3.2003,-59.8119,88.43,51,72,3.94,moderate rain
581,Bequimao,BR,-2.4489,-44.7825,90.21,46,25,2.68,scattered clouds
582,Hambantota,LK,6.1241,81.1185,79.2,82,95,17.69,overcast clouds
583,Nerchinskiy Zavod,RU,51.3088,119.61,61.72,95,7,4.99,clear sky
584,Tukrah,LY,32.5341,20.5791,78.75,79,0,7.96,clear sky
585,Mount Isa,AU,-20.7333,139.5,44.37,61,0,6.91,clear sky
586,Ushibuka,JP,32.1906,130.0228,76.41,76,48,7.63,scattered clouds
587,Saint-Georges,GD,12.0564,-61.7485,87.48,66,20,17.27,few clouds
588,Banikoara,BJ,11.2985,2.4386,77.92,77,100,3.56,overcast clouds
589,Hovd,MN,48.0056,91.6419,62.98,52,93,18.5,overcast clouds
590,Mgandu,TZ,-5.95,34.1333,63.77,48,2,10.31,clear sky
591,Anadyr,RU,64.75,177.4833,48.7,81,75,4.47,broken clouds
592,Puri,IN,19.8,85.85,82.92,82,100,8.59,overcast clouds
593,Santa Cruz De La Palma,ES,28.6835,-17.7642,80.13,78,20,16.11,few clouds
594,Maceio,BR,-9.6658,-35.7353,78.24,78,75,17.27,light intensity shower rain
595,Porto Novo,BJ,6.4965,2.6036,76.05,82,100,8.81,overcast clouds
596,Puerto Leguizamo,CO,-0.1934,-74.7819,88.39,49,49,1.66,scattered clouds
597,Port Macquarie,AU,-31.4333,152.9167,53.89,80,80,11.97,broken clouds
598,Orzhytsya,UA,49.7918,32.7012,62.1,87,6,8.23,clear sky
599,Imbituba,BR,-28.24,-48.6703,75.85,90,100,4.0,overcast clouds
600,Soe,ID,-9.8607,124.284,57.04,89,100,4.14,overcast clouds
601,Mahon,ES,39.8885,4.2658,82.96,74,0,6.91,clear sky
602,Hirara,JP,24.8,125.2833,84.85,78,96,15.03,overcast clouds
603,Shebalino,RU,51.2917,85.6772,50.63,94,29,6.76,scattered clouds
604,Bogande,BF,12.9714,-0.1436,81.37,69,53,11.27,broken clouds
605,Miracema Do Tocantins,BR,-9.5618,-48.3967,95.52,19,0,4.85,clear sky
606,Kuminskiy,RU,58.6667,66.5667,53.53,87,15,3.42,few clouds
607,Pandan,PH,14.0453,124.1694,80.96,85,100,4.47,overcast clouds
608,Isangel,VU,-19.55,169.2667,75.81,86,100,11.32,moderate rain
609,Santa Isabel Do Rio Negro,BR,-0.4139,-65.0192,83.14,84,80,1.23,broken clouds
610,Hue,VN,16.4667,107.6,78.91,94,20,3.44,few clouds
611,Santa Rosa,PH,14.3122,121.1114,82.38,86,64,5.28,broken clouds
612,Marapanim,BR,-0.7175,-47.6997,87.17,56,34,3.87,scattered clouds
613,Tilichiki,RU,60.4667,166.1,53.47,76,11,2.46,few clouds
614,Ponta Delgada,PT,37.7333,-25.6667,72.32,78,20,8.05,few clouds
615,Cairns,AU,-16.9167,145.7667,65.07,93,40,9.22,scattered clouds
616,Damascus,SY,33.5102,36.2913,79.56,38,0,1.63,clear sky
617,Ostrovnoy,RU,68.0531,39.5131,51.35,95,100,15.55,overcast clouds
618,Jertih,MY,5.7336,102.4897,75.38,94,99,3.44,overcast clouds
619,Okha,RU,53.5739,142.9478,52.52,89,97,8.99,overcast clouds
620,El Tigre,VE,8.8875,-64.2454,88.21,45,47,12.75,scattered clouds
621,Timra,SE,62.487,17.3257,62.28,63,100,6.91,overcast clouds
622,Paratinga,BR,-12.6906,-43.1842,89.44,22,0,3.51,clear sky
623,San Lawrenz,MT,36.0553,14.204,82.85,75,0,1.01,clear sky
624,Kapit,MY,2.0167,112.9333,73.33,100,99,1.36,overcast clouds
625,Manbij,SY,36.5281,37.9549,83.7,28,0,14.76,clear sky
626,Vao,NC,-22.6667,167.4833,74.39,86,100,23.89,overcast clouds
627,Brewster,US,41.3973,-73.6171,95.32,41,0,10.36,clear sky
628,Seidu,SL,9.0167,-10.6,70.74,94,91,3.11,light rain
629,Miyako,JP,39.6367,141.9525,71.94,97,86,1.7,overcast clouds
630,Aykhal,RU,66.0,111.5,51.46,87,0,2.66,clear sky
631,Segezha,RU,63.7415,34.3222,63.43,91,52,3.0,broken clouds
632,Petatlan,MX,17.5167,-101.2667,91.2,60,100,6.82,overcast clouds
633,Yenangyaung,MM,20.4667,94.8833,77.56,86,100,13.44,overcast clouds
634,Belyy Yar,RU,53.6039,91.3903,60.69,88,40,13.42,light intensity shower rain
635,Los Angeles,US,34.0522,-118.2437,92.59,57,0,9.22,clear sky
636,Sao Sebastiao Do Paraiso,BR,-20.9169,-46.9914,77.95,28,8,3.24,clear sky
637,Topeka,US,39.0483,-95.678,98.98,42,0,13.8,clear sky
638,Ixtapa,MX,20.7,-105.2,93.22,62,20,9.22,few clouds
639,Pudozh,RU,61.8099,36.5345,65.53,77,96,4.12,overcast clouds
640,Dhidhdhoo,MV,6.8833,73.1,81.03,79,100,15.9,overcast clouds
641,Krasnoye,UA,49.9145,24.6134,72.19,62,71,6.29,broken clouds
642,Sao Joaquim,BR,-28.2939,-49.9317,61.93,76,100,2.95,light rain
643,Batagay,RU,67.6333,134.6333,63.82,83,100,2.66,light rain
644,Chernyshevskiy,RU,63.0128,112.4714,61.93,70,100,2.24,overcast clouds
645,Iquitos,PE,-3.7481,-73.2472,87.84,62,40,3.44,scattered clouds
646,Bowen,AU,-20.0167,148.2333,58.53,64,0,6.38,clear sky
647,Tessalit,ML,20.1986,1.0114,100.06,16,11,9.69,few clouds
648,Wanaka,NZ,-44.7,169.15,22.17,92,23,2.75,few clouds
649,San Fernando,PH,15.0286,120.6898,82.13,87,21,2.93,few clouds
650,Mandalgovi,MN,45.7625,106.2708,58.98,55,15,7.96,few clouds
651,Lamu,KE,-2.2717,40.902,75.42,80,36,17.45,scattered clouds
652,Avera,US,33.194,-82.5271,88.38,48,100,9.42,overcast clouds
653,Caluquembe,AO,-13.7833,14.6833,61.83,29,4,1.79,clear sky
654,Peniche,PT,39.3558,-9.3811,73.08,83,0,18.43,clear sky
655,Thiruvananthapuram,IN,8.4833,76.9167,78.78,89,40,4.61,mist
656,Belmonte,BR,-15.8631,-38.8828,75.6,74,21,9.1,few clouds
657,Mao,ES,39.8885,4.2658,82.96,74,0,6.91,clear sky
658,Poum,NC,-20.2333,164.0167,76.93,88,93,17.02,overcast clouds
659,Samarai,PG,-10.6167,150.6667,79.92,80,31,5.97,scattered clouds
660,Kudahuvadhoo,MV,2.6708,72.8944,82.92,73,98,16.13,overcast clouds
661,Pervomayskoye,RU,43.919,46.7102,70.48,59,3,6.98,clear sky
662,Zhezkazgan,KZ,47.8043,67.7144,75.51,28,2,10.07,clear sky
663,Koutiala,ML,12.3917,-5.4642,83.12,64,93,6.08,overcast clouds
664,Oriximina,BR,-1.7656,-55.8661,88.38,53,95,6.42,overcast clouds
665,Puerto Rondon,CO,6.2805,-71.1,87.03,61,38,6.13,scattered clouds
666,San Jose De Guanipa,VE,8.8872,-64.1651,88.29,47,58,12.64,broken clouds
667,Sanming,CN,26.2486,117.6186,79.63,74,5,3.11,clear sky
668,Timmins,CA,48.4669,-81.3331,66.02,82,75,5.75,broken clouds
669,Merritt Island,US,28.5392,-80.672,93.29,63,0,13.8,clear sky
670,Miro Khan,PK,27.7599,68.0921,90.43,50,99,8.75,overcast clouds
671,Laje,BR,-10.1833,-40.9667,76.39,54,100,12.33,overcast clouds
672,Dali,CN,25.7,100.1833,63.68,91,100,1.57,overcast clouds
673,The Valley,AI,18.217,-63.0578,87.66,66,40,17.27,scattered clouds
674,Rehoboth,NA,-23.3167,17.0833,58.51,33,3,4.94,clear sky
675,Beira,MZ,-19.8436,34.8389,69.89,94,40,6.91,scattered clouds
676,Haimen,CN,23.1935,116.6142,82.29,88,7,6.15,clear sky
677,Outlook,CA,51.5001,-107.0513,74.23,44,100,10.83,overcast clouds
678,Srivilliputtur,IN,9.5081,77.6336,81.28,71,100,5.88,light rain
679,Quang Ngai,VN,15.1167,108.8,75.54,90,64,3.4,broken clouds
680,Sao Joao Do Piaui,BR,-8.3581,-42.2467,91.36,28,100,9.95,overcast clouds
681,Aberdeen,GB,57.1437,-2.0981,60.49,80,20,9.22,few clouds
682,Altamura,IT,40.8292,16.5537,84.56,33,0,5.01,clear sky
683,Sabancuy,MX,18.9667,-91.1833,92.68,48,13,7.05,few clouds
684,Pangody,RU,65.85,74.4859,46.15,88,100,4.36,overcast clouds
685,Presidencia Roque Saenz Pena,AR,-26.7852,-60.4388,89.38,27,100,10.51,overcast clouds
686,Kadoma,JP,34.7333,135.5833,76.98,73,100,5.75,overcast clouds
687,Bandarbeyla,SO,9.4942,50.8122,76.98,82,99,34.38,overcast clouds
688,Ust-Koksa,RU,50.2696,85.6108,52.14,87,22,1.12,few clouds
689,Nombre De Dios,MX,23.85,-104.2333,80.15,29,98,1.86,overcast clouds
690,Port Keats,AU,-14.25,129.55,62.65,32,38,6.42,scattered clouds
691,Kabinda,CD,-6.1333,24.4833,79.38,32,100,3.6,overcast clouds
692,Alberton,CA,46.8168,-64.0654,80.73,68,0,12.62,clear sky
693,Pirovskoye,RU,57.6267,92.2658,55.74,98,16,5.48,few clouds
694,Broken Hill,AU,-31.95,141.4333,55.06,67,100,8.19,overcast clouds
695,Xifeng,CN,42.7372,124.7222,66.88,91,100,3.09,overcast clouds
696,Liverpool,GB,53.4106,-2.9779,64.94,91,100,2.3,overcast clouds
697,Fairbanks,US,64.8378,-147.7164,55.36,78,100,5.75,overcast clouds
698,Frolovo,RU,49.7713,43.6622,64.38,80,86,5.12,light rain
